PRAGMA ignore_check_constraints = true;
INSERT INTO `accounts_province` (`id`, `name`, `code`) VALUES (1,'آذربایجان شرقی','1'),(2,'آذربایجان غربی','2'),(3,'اردبیل','3'),(4,'اصفهان','4'),(5,'البرز','5'),(6,'ایلام','6'),(7,'بوشهر','7'),(8,'تهران','8'),(9,'چهارمحال بختیاری','9'),(10,'خراسان جنوبی','10'),(11,'خراسان رضوی','11'),(12,'خراسان شمالی','12'),(13,'خوزستان','13'),(14,'زنجان','14'),(15,'سمنان','15'),(16,'سیستان و بلوچستان','16'),(17,'فارس','17'),(18,'قزوین','18'),(19,'قم','19'),(20,'کردستان','20'),(21,'کرمان','21'),(22,'کرمانشاه','22'),(23,'کهکیلویه و بویراحمد','23'),(24,'گلستان','24'),(25,'گیلان','25'),(26,'لرستان','26'),(27,'مازندران','27'),(28,'مرکزی','28'),(29,'هرمزگان','29'),(30,'همدان','30'),(31,'یزد','31');
INSERT INTO `accounts_city` (`id`, `name`, `code`, `province_id`) VALUES (1541,'مجن','667',15),(1542,'ایوانکی','668',15),(1543,'گرمسار','669',15),(1544,'درجزین','670',15),(1545,'شهمیرزاد','671',15),(1546,'مهدی شهر','672',15),(1547,'میامی','673',15),(1548,'ایرانشهر','674',16),(1549,'بزمان','675',16),(1550,'بمپور','676',16),(1551,'محمدان','677',16),(1552,'چابهار','678',16),(1553,'نگور','679',16),(1554,'خاش','680',16),(1555,'نوک آباد','681',16),(1556,'گلمورتی','682',16),(1557,'بنجار','683',16),(1558,'زابل','684',16),(1559,'زاهدان','685',16),(1560,'نصرت آباد','686',16),(1561,'زهک','687',16),(1562,'جالق','688',16),(1563,'سراوان','689',16),(1564,'سیرکان','690',16),(1565,'گشت','691',16),(1566,'محمدی','692',16),(1567,'پیشین','693',16),(1568,'راسک','694',16),(1569,'سرباز','695',16),(1570,'سوران','696',16),(1571,'هیدوچ','697',16),(1572,'فنوج','698',16),(1573,'قصرقند','699',16),(1574,'زرآباد','700',16),(1575,'کنارک','701',16),(1576,'مهرستان','702',16),(1577,'میرجاوه','703',16),(1578,'اسپکه','704',16),(1579,'بنت','705',16),(1580,'نیک شهر','706',16),(1581,'ادیمی','707',16),(1582,'شهرک علی اکبر','708',16),(1583,'محمدآباد','709',16),(1584,'دوست محمد','710',16),(1585,'آباده','711',17),(1586,'ایزدخواست','712',17),(1587,'بهمن','713',17),(1588,'سورمق','714',17),(1589,'صغاد','715',17),(1590,'ارسنجان','716',17),(1591,'استهبان','717',17),(1592,'ایج','718',17),(1593,'رونیز','719',17),(1594,'اقلید','720',17),(1595,'حسن اباد','721',17),(1596,'دژکرد','722',17),(1597,'سده','723',17),(1598,'بوانات','724',17),(1599,'حسامی','725',17),(1600,'کره ای','726',17),(1601,'مزایجان','727',17),(1602,'سعادت شهر','728',17),(1603,'مادرسلیمان','729',17),(1604,'باب انار','730',17),(1605,'جهرم','731',17),(1606,'خاوران','732',17),(1607,'دوزه','733',17),(1608,'قطب آباد','734',17),(1609,'خرامه','735',17),(1610,'سلطان شهر','736',17),(1611,'صفاشهر','737',17),(1612,'قادراباد','738',17),(1613,'خنج','739',17),(1614,'جنت شهر','740',17),(1615,'داراب','741',17),(1616,'دوبرجی','742',17),(1617,'فدامی','743',17),(1618,'کوپن','744',17),(1619,'مصیری','745',17),(1620,'حاجی آباد','746',17),(1621,'دبیران','747',17),(1622,'شهرپیر','748',17),(1623,'اردکان','749',17),(1624,'بیضا','750',17),(1625,'هماشهر','751',17),(1626,'سروستان','752',17),(1627,'کوهنجان','753',17),(1628,'خانه زنیان','754',17),(1629,'داریان','755',17),(1630,'زرقان','756',17),(1631,'شهرصدرا','757',17),(1632,'شیراز','758',17),(1633,'آبیک','813',18),(1634,'خاکعلی','814',18),(1635,'آبگرم','815',18),(1636,'آوج','816',18),(1637,'الوند','817',18),(1638,'بیدستان','818',18),(1639,'شریفیه','819',18),(1640,'محمدیه','820',18),(1641,'ارداق','821',18),(1642,'بویین زهرا','822',18),(1643,'دانسفهان','823',18),(1644,'سگزآباد','824',18),(1645,'شال','825',18),(1646,'اسفرورین','826',18),(1647,'تاکستان','827',18),(1648,'خرمدشت','828',18),(1649,'ضیاڈآباد','829',18),(1650,'نرجه','830',18),(1651,'اقبالیه','831',18),(1652,'رازمیان','832',18),(1653,'سیردان','833',18),(1654,'قزوین','834',18),(1655,'کوهین','835',18),(1656,'محمودآبادنمونه','836',18),(1657,'جعفریه','838',19),(1658,'دستجرد','839',19),(1659,'سلفچگان','840',19),(1660,'قم','841',19),(1661,'قنوات','842',19),(1662,'کهک','843',19),(1663,'آرمرده','844',20),(1664,'بانه','845',20),(1665,'بویین سفلی','846',20),(1666,'کانی سور','847',20),(1667,'بابارشانی','848',20),(1668,'بیجار','849',20),(1669,'پیرتاج','850',20),(1670,'توپ آغاج','851',20),(1671,'یاسوکند','852',20),(1672,'بلبان آباد','853',20),(1673,'دهگلان','854',20),(1674,'دیواندره','855',20),(1675,'زرینه','856',20),(1676,'اورامان تخت','857',20),(1677,'سروآباد','858',20),(1678,'سقز','859',20),(1679,'صاحب','860',20),(1680,'سنندج','861',20),(1681,'شویشه','862',20),(1682,'دزج','863',20),(1683,'دلبران','864',20),(1684,'سریش آباد','865',20),(1685,'قروه','866',20),(1686,'کامیاران','867',20),(1687,'موچش','868',20),(1688,'برده رشه','869',20),(1689,'چناره','870',20),(1690,'کانی دینار','871',20),(1691,'مریوان','872',20),(1692,'ارزوییه','873',21),(1693,'امین شهر','874',21),(1694,'انار','875',21),(1695,'بافت','876',21),(1696,'بزنجان','877',21),(1697,'بردسیر','878',21),(1698,'دشتکار','879',21),(1699,'گلزار','880',21),(1700,'لاله زار','881',21),(1701,'نگار','882',21),(1702,'بروات','883',21),(1703,'بم','884',21),(1704,'بلوک','885',21),(1705,'جبالبارز','886',21),(1706,'جیرفت','887',21),(1707,'درب بهشت','888',21),(1708,'رابر','889',21),(1709,'هنزا','890',21),(1710,'راور','891',21),(1711,'هجدک','892',21),(1712,'بهرمان','893',21),(1713,'گراب سفلی','978',23),(1714,'مادوان','979',23),(1715,'مارگون','980',23),(1716,'یاسوج','981',23),(1717,'لیکک','982',23),(1718,'چرام','983',23),(1719,'سرفاریاب','984',23),(1720,'پاتاوه','985',23),(1721,'سی سخت','986',23),(1722,'دهدشت','987',23),(1723,'دیشموک','988',23),(1724,'سوق','989',23),(1725,'قلعه رییسی','990',23),(1726,'دوگنبدان','991',23),(1727,'لنده','992',23),(1728,'آزادشهر','993',24),(1729,'نگین شهر','994',24),(1730,'نوده خاندوز','995',24),(1731,'آق قلا','996',24),(1732,'انبارآلوم','997',24),(1733,'بندرگز','998',24),(1734,'نوکنده','999',24),(1735,'بندرترکمن','1000',24),(1736,'تاتارعلیا','1001',24),(1737,'خان ببین','1002',24),(1738,'دلند','1003',24),(1739,'رامیان','1004',24),(1740,'سنگدوین','1005',24),(1741,'علی اباد','1006',24),(1742,'فاضل آباد','1007',24),(1743,'سرخنکلاته','1014',24),(1744,'گرگان','1015',24),(1745,'سیمین شهر','1016',24),(1746,'گمیش تپه','1017',24),(1747,'اینچه برون','1018',24),(1748,'گنبدکاووس','1019',24),(1749,'مراوه','1020',24),(1750,'مینودشت','1021',24),(1751,'آستارا','1022',25),(1752,'لوندویل','1023',25),(1753,'آستانه اشرفیه','1024',25),(1754,'کیاشهر','1025',25),(1755,'املش','1026',25),(1756,'رانکوه','1027',25),(1757,'بندرانزلی','1028',25),(1758,'خشکبیجار','1029',25),(1759,'خمام','1030',25),(1760,'رشت','1031',25),(1761,'سنگر','1032',25),(1762,'کوچصفهان','1033',25),(1763,'لشت نشاء','1034',25),(1764,'لولمان','1035',25),(1765,'پره سر','1036',25),(1766,'رضوانشهر','1037',25),(1767,'بره سر','1038',25),(1768,'توتکابن','1039',25),(1769,'جیرنده','1040',25),(1770,'رستم آباد','1041',25),(1771,'ماسال','1073',25),(1772,'ازنا','1074',26),(1773,'مومن آباد','1075',26),(1774,'الیگودرز','1076',26),(1775,'شول آباد','1077',26),(1776,'اشترینان','1078',26),(1777,'بروجرد','1079',26),(1778,'پلدختر','1080',26),(1779,'معمولان','1081',26),(1780,'بیران شهر','1082',26),(1781,'زاغه','1084',26),(1782,'سپیددشت','1085',26),(1783,'نورآباد','1086',26),(1784,'هفت چشمه','1087',26),(1785,'چالانچولان','1088',26),(1786,'دورود','1089',26),(1787,'سراب دوره','1090',26),(1788,'ویسیان','1091',26),(1789,'چقابل','1092',26),(1790,'الشتر','1093',26),(1791,'فیروزآباد','1094',26),(1792,'درب گنبد','1095',26),(1793,'کوهدشت','1096',26),(1794,'کوهنانی','1097',26),(1795,'گراب','1098',26),(1796,'آمل','1099',27),(1797,'امامزاده عبدالله','1100',27),(1798,'دابودشت','1101',27),(1799,'رینه','1102',27),(1800,'گزنک','1103',27),(1801,'امیرکلا','1104',27),(1802,'بابل','1105',27),(1803,'خوش رودپی','1106',27),(1804,'زرگرمحله','1107',27),(1805,'گتاب','1108',27),(1806,'گلوگاه','1109',27),(1807,'مرزیکلا','1110',27),(1808,'بابلسر','1111',27),(1809,'بهنمیر','1112',27),(1810,'هادی شهر','1113',27),(1811,'بهشهر','1114',27),(1812,'خلیل شهر','1115',27),(1813,'رستمکلا','1116',27),(1814,'تنکابن','1117',27),(1815,'خرم آباد','1118',27),(1816,'شیرود','1119',27),(1817,'نشتارود','1120',27),(1818,'جویبار','1121',27),(1819,'کوهی خیل','1122',27),(1820,'چالوس','1123',27),(1821,'مرزن آباد','1124',27),(1822,'هچیرود','1125',27),(1823,'رامسر','1126',27),(1824,'کتالم وسادات شهر','1127',27),(1825,'پایین هولار','1128',27),(1826,'ساری','1129',27),(1827,'فریم','1130',27),(1828,'کیاسر','1131',27),(1829,'آلاشت','1132',27),(1830,'پل سفید','1133',27),(1831,'زیرآب','1134',27),(1832,'شیرگاه','1135',27),(1833,'کیاکلا','1136',27),(1834,'دلیجان','1167',28),(1835,'نراق','1168',28),(1836,'پرندک','1169',28),(1837,'خشکرود','1170',28),(1838,'رازقان','1171',28),(1839,'زاویه','1172',28),(1840,'مامونیه','1173',28),(1841,'ساوه','1175',28),(1842,'غرق آباد','1176',28),(1843,'نوبران','1177',28),(1844,'آستانه','1178',28),(1845,'توره','1179',28),(1846,'شازند','1180',28),(1847,'شهباز','1181',28),(1848,'هندودر','1183',28),(1849,'خنجین','1184',28),(1850,'فرمهین','1185',28),(1851,'کمیجان','1186',28),(1852,'میلاجرد','1187',28),(1853,'محلات','1188',28),(1854,'نیمور','1189',28),(1855,'ابوموسی','1190',29),(1856,'بستک','1191',29),(1857,'جناح','1192',29),(1858,'سردشت','1193',29),(1859,'گوهران','1194',29),(1860,'بندرعباس','1195',29),(1861,'تازیان پایین','1196',29),(1862,'دهبارز','1215',29),(1863,'زیارتعلی','1216',29),(1864,'سیریک','1217',29),(1865,'کوهستک','1218',29),(1866,'گروک','1219',29),(1867,'درگهان','1220',29),(1868,'سوزا','1221',29),(1869,'قشم','1222',29),(1870,'هرمز','1223',29),(1871,'تیرور','1224',29),(1872,'سندرک','1225',29),(1873,'میناب','1226',29),(1874,'هشتبندی','1227',29),(1875,'آجین','1228',30),(1876,'اسدآباد','1229',30),(1877,'بهار','1230',30),(1878,'صالح آباد','1231',30),(1879,'لالجین','1232',30),(1880,'مهاجران','1233',30),(1881,'تویسرکان','1234',30),(1882,'سرکان','1235',30),(1883,'فرسفج','1236',30),(1884,'دمق','1237',30),(1885,'رزن','1238',30),(1886,'قروه درجزین','1239',30),(1887,'فامنین','1240',30),(1888,'شیرین سو','1241',30),(1889,'کبودرآهنگ','1242',30),(1890,'گل تپه','1243',30),(1891,'ازندریان','1244',30),(1892,'جوکار','1245',30),(1893,'زنگنه','1246',30),(1894,'سامن','1247',30),(1895,'ملایر','1248',30),(1896,'برزول','1249',30),(1897,'فیروزان','1250',30),(1898,'گیان','1251',30),(1899,'نهاوند','1252',30),(1900,'جورقان','1253',30),(1901,'قهاوند','1254',30),(1902,'مریانج','1255',30),(1903,'همدان','1256',30),(1904,'ابرکوه','1257',31),(1905,'مهردشت','1258',31),(1906,'احمدآباد','1259',31),(1907,'عقدا','1261',31),(1908,'اشکذر','1262',31),(1909,'خضرآباد','1263',31),(1910,'بافق','1264',31),(1911,'بهاباد','1265',31),(1912,'تفت','1266',31),(1913,'نیر','1267',31),(1914,'مروست','1268',31),(1915,'هرات','1269',31),(1916,'مهریز','1270',31),(1917,'بفروییه','1271',31),(1918,'میبد','1272',31),(1919,'ندوشن','1273',31),(1920,'حمیدیا','1274',31),(1921,'زارچ','1275',31),(1922,'شاهدیه','1276',31),(1923,'یزد','1277',31),(1924,'تهران','1300',8),(1925,'آبعلی','1301',8),(1926,'شهرری','1302',8),(1927,'دماوند','1303',8),(1928,'فیروزکوه','1304',8);
INSERT INTO `accounts_university` (`id`, `name`, `code`, `city_id`) VALUES (1,'خوارزمی','1',1924),(2,'صنعتی شریف','2',1924),(3,'خواجه نصیر','3',1924),(4,'تهران','4',1924);
INSERT INTO `accounts_skill` (`id`, `name`, `code`, `image`, `skill_id`) VALUES (51,'برنامه نویسی','1','',NULL),(52,'مترجمی','2','',NULL),(53,'طراحی','3','',NULL),(55,'مدیریت','5','',NULL),(56,'جنگو','6','',51),(57,'MYSQL','7','',51),(58,'Git','8','',51),(59,'پایتون','9','',51),(60,'جاوا','10','',51),(61,'اسپرینگ','11','',51),(62,'ری اکت','12','',51),(63,'جاوا اسکرپت','13','',51),(64,'فوتوشاپ','14','',53),(65,'adobe illustrator','15','',53),(66,'jira','16','',55),(67,'trello','17','',55),(68,'اسکرام','18','',55),(69,'adobe XD','19','',53),(70,'agile','20','',55),(71,'css','21','',51),(72,'سرور','4','',NULL),(73,'لینوکس','22','',72),(74,'Nginx','23','',72),(75,'containers','24','',72),(76,'Laravel','25','',51),(77,'انگلیسی','26','',52),(78,'فرانسوی','27','',52),(79,'ویراستاری','28','',52),(80,'ادبیات','29','',52);
INSERT INTO `accounts_user` (`id`, `last_login`, `username`, `password`, `email`, `phone_number`, `first_name`, `last_name`, `gender`, `avatar`, `is_active`, `is_superuser`, `joined_date`, `description`, `resume`, `city_id`, `university_id`) VALUES (1,'2021-02-09 17:58:51.372137','superuser','pbkdf2_sha256$216000$jhWokD4KRybl$KPK8dgCNBQvSPTYmlVcntajgCxWl6cpNIxVwgu9eU1Q=','superuser@gmail.com','+989192483817','سوپریوزر','سوپریوزر',NULL,'defaults/default.png',1,1,'2021-02-05 15:25:53.171495','من سوپر یوزر هستم و به تمامی سایت دسترسی دارم.','',NULL,NULL),(2,NULL,'marzie','pbkdf2_sha256$216000$jhWokD4KRybl$KPK8dgCNBQvSPTYmlVcntajgCxWl6cpNIxVwgu9eU1Q=','marzie7900@gmail.co','+989369447797','مرضیه','معصوم زاده','FEMALE','user/avatars/marzie_cn3r7R9.jpg',1,0,'2021-02-05 16:48:39.262820','من یک برنامه نویس بک اند هستم که فعالیت در مکان های پویا و پیشرفت را می پسندم.','user/resume/final_project.pdf',1924,1),(3,'2021-06-07 15:22:47.042616','admin','pbkdf2_sha256$216000$jhWokD4KRybl$KPK8dgCNBQvSPTYmlVcntajgCxWl6cpNIxVwgu9eU1Q=','admin@gmail.com','+989369558876','ادمین','ادمین','MALE','defaults/default.png',1,1,'2021-02-05 21:52:07.018282','من ادمین پروژه هستم و دسترسی های خاص خود را دارم.','',1760,1),(4,NULL,'creator','pbkdf2_sha256$216000$jhWokD4KRybl$KPK8dgCNBQvSPTYmlVcntajgCxWl6cpNIxVwgu9eU1Q=','creator@gmail.com','+989376577757','سازنده','سازنده','FEMALE','defaults/default.png',1,0,'2021-02-05 21:55:23.792773','من سازنده پروژه هستم و به تمامی مراحل دسترسی دارم.','',1751,1),(5,NULL,'bardia','pbkdf2_sha256$216000$jhWokD4KRybl$KPK8dgCNBQvSPTYmlVcntajgCxWl6cpNIxVwgu9eU1Q=','bardiadorry@gmail.com',NULL,'بردیا','دری','MALE','defaults/default.png',1,0,'2021-02-05 22:02:10.913221','','',1924,1),(6,NULL,'sara','pbkdf2_sha256$216000$jhWokD4KRybl$KPK8dgCNBQvSPTYmlVcntajgCxWl6cpNIxVwgu9eU1Q=','saravlizade61@gmail.com',NULL,'سارا','ولی زاده','FEMALE','defaults/default.png',1,0,'2021-02-05 22:03:31.725967','','',1924,1),(7,NULL,'atena','pbkdf2_sha256$216000$jhWokD4KRybl$KPK8dgCNBQvSPTYmlVcntajgCxWl6cpNIxVwgu9eU1Q=','atena.ganji.ag@gmail.com',NULL,'آتنا','گنجی','FEMALE','defaults/default.png',1,0,'2021-02-05 22:04:21.293251','','',1924,1),(8,NULL,'ehsan','pbkdf2_sha256$216000$jhWokD4KRybl$KPK8dgCNBQvSPTYmlVcntajgCxWl6cpNIxVwgu9eU1Q=','ehsanrezaee29@gmail.com',NULL,'احسان','رضایی','MALE','defaults/default.png',1,0,'2021-02-05 22:06:21.584846','','',1924,1),(9,NULL,'nastaran','pbkdf2_sha256$216000$jhWokD4KRybl$KPK8dgCNBQvSPTYmlVcntajgCxWl6cpNIxVwgu9eU1Q=','nastaran.akbari02@gmail.com',NULL,'نسترن','اکبری','FEMALE','defaults/default.png',1,0,'2021-02-05 22:11:01.565370','','',NULL,1),(10,NULL,'marzie7900','pbkdf2_sha256$216000$jhWokD4KRybl$KPK8dgCNBQvSPTYmlVcntajgCxWl6cpNIxVwgu9eU1Q=','marzie.7900@gmail.com',NULL,'مرضیه','دارابی','FEMALE','defaults/default.png',1,0,'2021-02-06 17:13:53.575060',NULL,'',NULL,NULL),(11,NULL,'alireza','pbkdf2_sha256$216000$jhWokD4KRybl$KPK8dgCNBQvSPTYmlVcntajgCxWl6cpNIxVwgu9eU1Q=','alirezaasm1999@gmail.com',NULL,'علیرضا','اصمعی','MALE','defaults/default.png',1,0,'2021-02-09 18:56:14.484717','','',NULL,1),(12,NULL,'fatere','pbkdf2_sha256$216000$jhWokD4KRybl$KPK8dgCNBQvSPTYmlVcntajgCxWl6cpNIxVwgu9eU1Q=','fatere.t79@gmail.com',NULL,'فاطره','تندرو','FEMALE','defaults/default.png',1,0,'2021-02-09 18:57:40.908109','','',NULL,1),(13,NULL,'nima_p','pbkdf2_sha256$216000$jhWokD4KRybl$KPK8dgCNBQvSPTYmlVcntajgCxWl6cpNIxVwgu9eU1Q=','paryfardnim@gmail.com',NULL,'نیما','پری فرد','MALE','defaults/default.png',1,0,'2021-02-09 18:59:59.944904','','',NULL,1),(14,NULL,'nima_r','pbkdf2_sha256$216000$jhWokD4KRybl$KPK8dgCNBQvSPTYmlVcntajgCxWl6cpNIxVwgu9eU1Q=','ranjinima27@gmail.com',NULL,'نیما','رنجی','MALE','defaults/default.png',1,0,'2021-02-09 19:01:16.340318','','',NULL,1),(15,NULL,'zahra','pbkdf2_sha256$216000$jhWokD4KRybl$KPK8dgCNBQvSPTYmlVcntajgCxWl6cpNIxVwgu9eU1Q=','Khavari.khu@gmail.com',NULL,'زهرا','خاوری','FEMALE','defaults/default.png',1,0,'2021-02-09 19:03:01.876133','','',NULL,1),(16,'2021-04-17 13:47:51.736369','a','pbkdf2_sha256$216000$jhWokD4KRybl$KPK8dgCNBQvSPTYmlVcntajgCxWl6cpNIxVwgu9eU1Q=','a@a.cnon',NULL,'شس','یس',NULL,'defaults/default.png',1,1,'2021-04-17 13:45:53.941546','','',1585,4);
INSERT INTO `accounts_project` (`id`, `name`, `description`, `end_date`, `start_date`, `last_modified_date`, `advertisement`, `status`, `slug`,  `category_id` ,`amount`) VALUES (59,'ترجمه کتاب','ما برای کار خود در زمینه ترجمه کتاب های خارجی به زبان روان فارسی نیاز به دانشجویان توانا و با انگیزه داریم.','2021-03-15 22:12:31.000000','2021-02-05 22:12:46.000000','2021-02-05 22:13:31.886162',1,'WAITING','ترجمه-کتاب',52,4000000),(60,'فناوری','به افرادی پویا و پر تلاش در تیم خود برای پروژه فناوری که نیاز به امنیت و تحلیل بالایی دارد نیازمندیم.','2021-02-09 18:48:19.578727','2021-01-23 03:26:32.000000','2021-02-06 03:29:39.889918',1,'ENDED','فناوری',51,3000000),(61,'Analysis','برای ما زیبایی پروژه معیار اول است از خلاقان دعوت می شود.','2021-02-04 03:35:35.000000','2021-01-23 03:35:43.000000','2021-02-06 03:36:08.267490',1,'DELETED','analysis',53,0),(62,'تکاوری','نیاز به برقراری ارتباط با سرور جزو بزرگ ترین خواسته های ما است.','2021-02-09 18:47:47.204072','2021-02-06 17:39:36.000000','2021-02-06 03:50:13.844120',1,'ENDED','تکاوری',72,5000009),(63,'تیکتینگ','ما در تیم خود به دنبال افرادی هستیم که تحقیق و پژوهش جزو مهم ترین مسائل زندگیشان باشد.و بتوانیم بهترین تحلیل ها را پیش ببریم.','2021-01-31 03:57:08.000000','2021-06-05 15:18:30.298774','2021-02-06 03:57:31.385613',1,'STARTED','تیکتینگ',51,80),(64,'نوبت دهی','رهبری گروهی بزرگ نیاز به یک تیمی فرهیختته دارد ما از شما دعوت به همکاری می کنیم تا بهترین تیم را برای خود داشته باشیم.','2020-11-19 17:05:30.000000','2021-02-09 18:47:57.389857','2021-02-06 04:00:05.721647',1,'STARTED','نوبت-دهی',55,200000),(67,'اساتید','ما دنبال بهترین ساختار برای ایجاد یک تیم قوی برای کمک به دانشجویان هستیم.','2022-02-07 21:39:20.000000','2021-02-09 18:06:15.028742','2021-02-07 21:39:20.403922',1,'STARTED','اساتید',52,30000000);
INSERT INTO `accounts_message` (`id`, `text`, `created_date`, `project_id`) VALUES (1,'اطلاعات پروژه تکاوری به روز رسانی شد.','2021-04-25 10:48:24.969244',62),(2,'اطلاعات پروژه فناوری به روز رسانی شد.','2021-04-25 10:48:37.958612',60);
INSERT INTO `accounts_reciever` (`id`, `is_visited`, `message_id`, `user_id`) VALUES (1,0,1,1),(2,0,1,5),(3,0,1,9),(4,0,2,1),(5,1,2,3),(6,0,2,5),(7,0,2,6);
INSERT INTO `accounts_project_skills` (`id`, `project_id`, `skill_id`) VALUES (147,59,77),(148,59,78),(149,59,79),(146,59,80),(123,60,57),(124,60,58),(125,60,60),(126,60,61),(127,61,64),(128,61,65),(129,61,69),(130,62,73),(131,62,74),(132,62,75),(144,63,56),(133,63,57),(134,63,58),(135,63,59),(136,64,66),(137,64,67),(138,64,68),(139,64,70),(142,67,62),(143,67,63),(145,67,76);
INSERT INTO `accounts_user_skills` (`id`, `user_id`, `skill_id`) VALUES (14,2,56),(15,2,57),(16,2,58),(17,2,59),(26,2,60),(12,2,68),(13,2,73),(5,3,66),(6,3,67),(7,3,68),(8,3,70),(9,4,64),(10,4,65),(11,4,69),(18,5,56),(19,5,57),(20,5,58),(21,5,59),(22,5,60),(23,5,61);
INSERT INTO `accounts_userproject` (`id`, `status`, `project_id`, `user_id`) VALUES (9,'CREATOR',59,4),(10,'ADMIN',59,3),(11,'CREATOR',60,1),(12,'DELETED',60,2),(13,'ADMIN',60,3),(14,'ACCEPTED',60,6),(15,'ACCEPTED',60,5),(16,'CREATOR',61,1),(17,'ACCEPTED',61,2),(18,'ACCEPTED',61,7),(19,'ADMIN',61,3),(20,'ADMIN',59,8),(21,'DECLINED',59,9),(22,'DELETED',59,5),(23,'DECLINED',59,2),(24,'CREATOR',62,1),(25,'PENDING',62,2),(26,'ACCEPTED',62,5),(28,'ACCEPTED',62,9),(29,'CREATOR',63,1),(30,'ACCEPTED',63,2),(31,'DELETED',63,6),(32,'ADMIN',63,3),(33,'CREATOR',64,1),(34,'ACCEPTED',64,8),(35,'ACCEPTED',64,2),(37,'ADMIN',64,3),(40,'CREATOR',67,2),(41,'PENDING',63,9),(42,'DELETED',67,9),(43,'ACCEPTED',67,5),(44,'ADMIN',67,3);
PRAGMA ignore_check_constraints = false;


